<?xml version="1.0" encoding="UTF-8" standalone="yes"?>
	    <addon id="repository.fanfilm" name="FanFilm repo" version="0.8" provider-name="fanfilm">
			<extension point="xbmc.addon.repository" name="FanFilm repo">
				<dir maxversion="17.9.0">
					<info compressed="false">https://raw.githubusercontent.com/fanfilm/repository.fanfilm/master/zips/addons.xml</info>
					<checksum>https://raw.githubusercontent.com/fanfilm/repository.fanfilm/master/zips/addons.xml.md5</checksum>
					<datadir zip="true">https://raw.github.com/fanfilm/repository.fanfilm/master/zips</datadir>
				</dir>
				<dir minversion="18.9.0">
					<info compressed="false">https://raw.githubusercontent.com/fanfilm/repository.fanfilm/master/zips19/addons.xml</info>
					<checksum>https://raw.githubusercontent.com/fanfilm/repository.fanfilm/master/zips19/addons.xml.md5</checksum>
					<datadir zip="true">https://raw.github.com/fanfilm/repository.fanfilm/master/zips19</datadir>
				</dir>
				<dir> <!-- https://raw.githubusercontent.com/fanfilm/repository.fanfilm/master/zips19/addons.xmlresolvera -->
					<info compressed="false">https://raw.githubusercontent.com/Gujal00/smrzips/master/addons.xml</info>
					<checksum>https://raw.githubusercontent.com/Gujal00/smrzips/master/addons.xml.md5</checksum>
					<datadir zip="true">https://raw.githubusercontent.com/Gujal00/smrzips/master/zips/</datadir>
				</dir>
			</extension>
			<extension point="xbmc.addon.metadata">
				<summary>Repozytorium wtyczki FanFilm</summary>
				<description>MrKnow tribute...</description>
				<platform>all</platform>
				<assets>
				    <icon>icon.png</icon>
				    <fanart>fanart.jpg</fanart>			
				</assets>
			</extension>
    </addon>