<window id="3009">    <defaultcontrol always="true">9000</defaultcontrol>    <allowoverlay>yes</allowoverlay>    <controls>        <control type="group">            <animation effect="slide" start="1100,0" end="0,0" time="400" tween="quadratic" easing="out">WindowOpen            </animation>            <animation effect="slide" start="0,0" end="1100,0" time="400" tween="quadratic" easing="out"                       condition="!Skin.HasSetting(AnimeWindowXMLDialogClose)">conditional            </animation>            <control type="image">                <posx>0</posx>                <posy>0</posy>                <width>1920</width>                <height>1080</height>                <texture border="15,0,0,0" flipx="false">Background/spmc.png</texture>            </control>            <control type="label">                <posx>1000</posx>                <posy>700</posy>                <width>600</width>                <height>35</height>                <font>font16</font>                <label>[B]!!NOTICE!![/B]</label>                <textcolor>red</textcolor>                <align>center</align>                <aligny>center</aligny>            </control>            <control type="label">                <posx>1000</posx>                <posy>750</posy>                <width>600</width>                <height>100</height>                <font>font14</font>                <label>$INFO[Skin.String(apkinstaller)]</label>                <textcolor>orange</textcolor>                <align>center</align>                <aligny>center</aligny>            </control>        </control>    </controls></window>