<?xml version="1.0" encoding="UTF-8" standalone="yes"?>
<addon id="plugin.video.fanfilm" name="FanFilm" version="2022.03.10.1" provider-name="-">
    <requires>
        <import addon="xbmc.python" version="3.0.0"/>
        <import addon="script.module.ptw" version="2021.11.24.1"/>
        <import addon="script.module.requests"/>
        <import addon="script.module.metahandler" version="5.0.0"/>
        <import addon="script.module.beautifulsoup4"/>
        <import addon="script.module.future"/>
        <import addon="plugin.video.youtube"/>
        <import addon="script.module.resolveurl"/>
        <import addon="script.module.six" />
        <import addon="script.module.kodi-six" />
        <import addon="script.fanfilm.media" version="2021.03.07.1"/>
        <import addon="script.fanfilm.metadata" version="2021.03.07.0"/>
    </requires>
    <extension point="xbmc.python.pluginsource" library="default.py">
        <provides>video</provides>
    </extension>
    <extension point="xbmc.service" library="service.py" start="startup"/>
    <extension point="xbmc.addon.metadata">
        <summary lang="pl">FanFilm</summary>
        <description lang="pl">Plugin z filmami i serialami.</description>
        <platform>all</platform>
        <assets>
            <icon>icon.png</icon>
        </assets>
		<news>
Changelog:
2022.03.10.0
- poprawiony opis źródeł dla Rapideo.pl, twojlimit.pl, nopremium.pl
2022.03.08.0
- żródło Rapideo.pl, twojlimit.pl, nopremium.pl
- info o wykorzystaniu transferu dla nowych żródeł
2022.03.05.0
- tb7 fix wyszukiwania
2022.02.26.0
- Zapętlone wyszukiwanie źródeł w trybie okna
- Wyszukiwanie po aktorach w serialach
2022.01.27.0
- poprawa źródeł EN
2022.01.24.0
- fix wyszukiwanie seriali
2022.01.22.1
- tb7/xt7 - wykorzystanie linków z moich plików - nie zużywa ponownie transferu
- Nowe źródła Player, PolsatBOX, Viaplay
  'plugin://plugin.video.playermb'  repo - mbebe
    - sprawdza dostępność w posiadanym pakiecie
  'plugin://plugin.video.pgobox'    repo - mbebe
  'plugin://plugin.video.viaplay'   repo - k19.kwp.ovh

2022.01.16
- Nowe źródła Netflix, Amazon Prime, Disney+
  wtyczka sprawdza, czy dany film/serial jest dostępny u operatorów
  po wybraniu odtwarzania - uruchamia potrzebną wtyczkę
  wymagane i obsługiwane wtyczki:
  'plugin.video.netflix'       repo - castagnaIT
  'plugin.video.amazon-test'   repo - https://github.com/Sandmann79/
  'slyguy.disney.plus'         repo - https://k.slyguy.xyz
  'plugin.video.hbogoeu'       repo - official kodi
2021.11.29
- fix plakatów w filmach
2021.11.27
- porządki
- poprawa nazw gatunków
2021.11.25.0
- netflix dla seriali
2021.11.24.4
- brakujące meta w serialach
- nazwy seriali/filmów po polsku i spłaszczanie sezonów
- poprawa nazw gatunków
2021.11.24.1
- fix czyszczenia cache
2021.11.23.0
- dodano skanowanie folderu pobierania
  sprawdza czy materiał nie został już pobrany
2021.11.22.2
- fix seriali i filman
2021.11.21.5
- napraw brakujacych/żle wyświetlanych tytułów
2021.11.21.4
- naprawa biblioteki seriali
- zmiana priorytetu plakatów
2021.11.21.2
- meta fix
2021.11.21.1
- Poprawka do cda
- Dwa nowe(stare) źródła filman i horrory
- Upgrade wtyczki
2021.11.12
- Netflix
  Sprawdzenie czy wtyczka jest zainstalowana
  W przypadku braku - pomija źródło
  wyłaczenie skanowania seriali
2021.11.05
- Nowe źródło Netflix
  wtyczka sprawdza czy film jest dostepny na Netflix
  do pracy potrzebna zainstalowana i zalogowana wtyczka Netflix
2021.10.21
- Synchronizacja Trakt.tv fix
  Nowe Api
  poprawiono listę postępu seriali
  aktualizacja do Trakt
- zmiana dostawcy z tvdb na tmdb/fanart.tv
  grafiki, opisy filmów i seriali
  cleararty :)  
		</news>
    </extension>
    <reuselanguageinvoker>true</reuselanguageinvoker>
</addon>

