<?xml version="1.0" encoding="UTF-8" standalone="yes"?>
<addon id="plugin.video.fanfilm" name="FanFilm" version="2023.08.01.1" provider-name="-">
    <requires>
        <import addon="xbmc.python" version="3.0.0"/>
        <import addon="script.module.ptw" version="2023.01.06.0"/>
        <import addon="script.module.requests"/>
        <import addon="script.module.metahandler" version="5.0.0"/>
        <import addon="script.module.beautifulsoup4"/>
        <import addon="script.module.future"/>
        <import addon="plugin.video.youtube" optional="true"/>
        <import addon="script.module.resolveurl"/>
        <import addon="script.module.six"/>
        <import addon="script.module.kodi-six"/>
        <import addon="script.module.kover" version="0.0.6"/>
        <import addon="script.fanfilm.media" version="2022.12.29.0"/>
        <import addon="script.fanfilm.metadata" version="2021.03.07.0"/>
    </requires>
    <extension point="xbmc.python.pluginsource" library="default.py">
        <provides>video</provides>
    </extension>
    <extension point="xbmc.service" library="service.py" start="startup"/>
    <extension point="kodi.context.item">
      <menu id="kodi.core.main">
        <item library="epg.py">
          <label lang="pl">Szukaj w FanFilm</label>
          <visible>Window.IsVisible(tvguide)|Window.IsVisible(tvsearch)|Window.IsVisible(tvchannels)</visible>
        </item>
      </menu>
    </extension>
    <extension point="xbmc.addon.metadata">
        <summary lang="pl">FanFilm</summary>
        <description lang="pl">Plugin z filmami i serialami.</description>
        <platform>all</platform>
        <assets>
            <icon>icon.png</icon>
        </assets>
        <news>
        Changelog:
            2023.08.01.1
            - dodanie możliwości ustawienia indywidualnej kolejności serwisów na liście źródeł (tylko dla premium)
            - możliwość wyłączenia filtra niedopasowanych w całości tytułów oraz zmiana oznaczania plików w bibliotece
            - opcja wybrania indywidualnego koloru dla plików z biblioteki online niezależnie dla każdego serwisu premium
            - poprawa wykrywania plików w bilbiotece dla tb7/xt7 
            - poprawa wydajności tb7/xt7
            - dodanie obsługi indywidalnego wyboru, czy Kodi ma automatycznie wybierać kolejną pozycję do odtwarzania, gdy wybrana nie działa
            - dodanie obsługi koloru dla każdego źródła premium niezależnie
            - poprawki wyszukiwania źródeł tb7/xt7/rapideo/twojlimit/nopremium
            - dodanie sortowania dla źródeł wg rozmiaru plików
            - filtr antyporno
            - poprawa opisu źródeł dla tb7/xt7/rapideo/twojlimit/nopremium/hdseans
            - scrapery Zaluknij.cc
            - fix filman
            - poprawki wydajności
            2023.06.15.0
            - poprawa informacji o źródłach
            - filser
            2023.05.30.1
            - poprawa scrapera tb7/xt7
            - poprawa scrapera rapideo/twojlimit/nopremium
            - poprawa informacji o źródłach
            2023.05.26.1
            - poprawa scrapera tb7/xt7
            - 3ksodus out
            2023.05.18.0
            - fix tytułów w plex
            2023.05.12.0
            - przepisana współpraca z JustWatch
            - poprawki scraperów external
            - poprawa scrapera tb7/xt7
            - poprawki w językach
            2023.02.10.0
	          - źródło 3ksodus
            2023.01.06.4
            - przywrócenie menu języków
            2023.01.06.3
            - fix resetowania własnych kluczy i autoryzacji
            2023.01.06.2
            - fix wyświetlania epizodów - postęp, historia, nie emitowane
            - fix scraperów furk/cda/ekino/filmowo
            2023.01.06
            - zmiana sposobu pobierania informacji o filmach i serialach - TMDB
            - Wyszukiwanie filmów i seriali oparte na tmdb, poprawki tytułów, opisów, okładek - w oparciu o tmdb.
            - kategorie filmów/seriali oparte o tmdb
            - poprawa sprawdzania aktualności modułów
            - wczytywanie w tle kolejnych stron z filmami
            - poprawa odświeżania katalogów w domyślnej skórce
            - zmiana układu głównego menu, porządki w nieużywanych funkcjach
            - poprawki wydajności
            - usunięcie własnych list IMDb, poprawki w IMDb
            - Dodanie autoryzacji tmdb + własnych list TMDB
            - wyszukiwanie w FanFilm z EPG w kodi
            - dodawanie katalogów z moich list do biblioteki
            - dodanie cda premium
            - poprawki scraperów
            - zmiana ikon dla gatunków
            - wybór jakości fanartów i posterów w opcjach
            - dodanie nowych opcji do wyszukiwania (ilość głosów)
            - kompatybilność z Kodi 20
            - poprawa generowania strm dla filmów.
            - i setki innych ;)
            2022.12.28
            - Fix list IMdb
            2022.11.05
            - Fix wyszukiwania cda
            2022.10.13
            - Fix aktualizacji
            2022.10.06
            - naprawa interwału czyszczenia cache i aktualizacji biblioteki
            2022.10.02
            - fix źródeł external (m.in. HBO Max)
            2022.09.30
            - poprawa automatycznego czyszczenia cache
            2022.09.28
            - poprawka aktualizacji seriali i filmów przy starcie kodi
            2022.09.15
            - poprawka importowania nowych odcinków seriali z trakt
            2022.08.20
            - poprawa wyszukiwania filmów - przejście na tmdb
            2022.08.19
            - poprawa dodawania do biblioteki dla seriali
            - nowa wersja seriale/sieci
            2022.07.22
            - naprawa tb7/xt7 - przywrócenie premium
            2022.06.15.0
            - dodanie Disney+ i HBO Max do seriale/sieci
            2022.05.13.0
            - Poprawa dodawania kilku filmów na raz do biblioteki
            2022.05.03.1
            - optyamlizacja ustawień, zmiana kategorii, przeszeregowanie pozycji menu zgodnie z tym do czego służą.
            2022.05.01.1
            - sprawdzanie wersji zaleznosci ptw i resolveurl
            2022.04.29.0
            - bux fixy, poprawione wyszukiwanie filmów
            2022.04.16.0
            - źródło 'en' myflixer.to
            2022.04.12.0
            - źródło filmowo.club
            2022.03.24.0
            - Możliwość dodania kilku filmów na raz do biblioteki
            2022.03.22.0
            - plex fix
            2022.03.19.1
            - usunięcie HBO GO
            - fix wyszukiwania rapideo
            2022.03.18.0
            - okno wznowienia
            - synchronizacja Trakt dla źródeł external i plex
            2022.03.16.0
            - zewnętrzne źródło Plex
            sprawdza, czy dany film/serial jest dostępny na Plex
            po wybraniu odtwarzania - uruchamia potrzebną wtyczkę
            wymagana i obsługiwana wtyczka:
            'plugin.video.composite_for_plex' repo - official kodi
            2022.03.10.0
            - poprawiony opis źródeł dla Rapideo.pl, twojlimit.pl, nopremium.pl
            2022.03.08.0
            - żródło Rapideo.pl, twojlimit.pl, nopremium.pl
            - info o wykorzystaniu transferu dla nowych żródeł
            2022.03.05.0
            - tb7 fix wyszukiwania
            2022.02.26.0
            - Zapętlone wyszukiwanie źródeł w trybie okna
            - Wyszukiwanie po aktorach w serialach
            2022.01.27.0
            - poprawa źródeł EN
            2022.01.24.0
            - fix wyszukiwanie seriali
            2022.01.22.1
            - tb7/xt7 - wykorzystanie linków z moich plików - nie zużywa ponownie transferu
            - Nowe źródła Player, PolsatBOX, Viaplay
            'plugin://plugin.video.playermb' repo - mbebe
            - sprawdza dostępność w posiadanym pakiecie
            'plugin://plugin.video.pgobox' repo - mbebe
            'plugin://plugin.video.viaplay' repo - k19.kwp.ovh

            2022.01.16
            - Nowe źródła Netflix, Amazon Prime, Disney+
            wtyczka sprawdza, czy dany film/serial jest dostępny u operatorów
            po wybraniu odtwarzania - uruchamia potrzebną wtyczkę
            wymagane i obsługiwane wtyczki:
            'plugin.video.netflix' repo - castagnaIT
            'plugin.video.amazon-test' repo - https://github.com/Sandmann79/
            'slyguy.disney.plus' repo - https://k.slyguy.xyz
            'plugin.video.hbogoeu' repo - official kodi
            2021.11.29
            - fix plakatów w filmach
            2021.11.27
            - porządki
            - poprawa nazw gatunków
            2021.11.25.0
            - netflix dla seriali
            2021.11.24.4
            - brakujące meta w serialach
            - nazwy seriali/filmów po polsku i spłaszczanie sezonów
            - poprawa nazw gatunków
            2021.11.24.1
            - fix czyszczenia cache
            2021.11.23.0
            - dodano skanowanie folderu pobierania
            sprawdza czy materiał nie został już pobrany
            2021.11.22.2
            - fix seriali i filman
            2021.11.21.5
            - napraw brakujacych/żle wyświetlanych tytułów
            2021.11.21.4
            - naprawa biblioteki seriali
            - zmiana priorytetu plakatów
            2021.11.21.2
            - meta fix
            2021.11.21.1
            - Poprawka do cda
            - Dwa nowe(stare) źródła filman i horrory
            - Upgrade wtyczki
            2021.11.12
            - Netflix
            Sprawdzenie czy wtyczka jest zainstalowana
            W przypadku braku - pomija źródło
            wyłaczenie skanowania seriali
            2021.11.05
            - Nowe źródło Netflix
            wtyczka sprawdza czy film jest dostepny na Netflix
            do pracy potrzebna zainstalowana i zalogowana wtyczka Netflix
            2021.10.21
            - Synchronizacja Trakt.tv fix
            Nowe Api
            poprawiono listę postępu seriali
            aktualizacja do Trakt
            - zmiana dostawcy z tvdb na tmdb/fanart.tv
            grafiki, opisy filmów i seriali
            cleararty :)
        </news>
    </extension>
</addon>

