<?xml version="1.0" encoding="UTF-8" standalone="yes"?>
<addon id="script.module.resolveurl" name="ResolveURL" version="6.4.152" provider-name="gujal">
    <requires>
        <!-- <import addon="xbmc.python" version="3.0.0" /> -->
        <import addon="script.module.six" version="0.0.1"/>
        <import addon="plugin.video.youtube" optional="true" />
        <import addon="script.module.python.twitch" optional="true" />
        <import addon="script.module.cryptopy" version="1.2.6" optional="true" />
        <import addon="plugin.video.gdrive" optional="true" />
        <import addon="script.module.requests"/>
        <import addon="script.module.six"/>
        <import addon="script.module.tzlocal"/>
        <import addon="script.module.js2py"/>
        <import addon="script.module.pyjsparser"/>
    </requires>
    <extension point="xbmc.python.module" library="lib" />
    <extension point="xbmc.python.pluginsource" library="lib/default.py" />
    <extension point="xbmc.addon.metadata">
        <platform>all</platform>
        <summary lang="en_GB">Resolve common video host URL's to be playable in XBMC/Kodi.</summary>
        <summary lang="es_ES">Resolver enlaces a videos de sitios populares para poder reproducirlos en XBMC/Kodi.</summary>
        <summary lang="hr_HR">Prilagodi najčešće URL-ove video izvora kako bi radili u XBMC/Kodiju.</summary>
        <summary lang="el_GR">Επίλυση συνδέσμων κοινών εξυπηρετητών σε μορφή βίντεο ικανό για αναπαραγωγή στο XBMC/Kodi.</summary>
        <description lang="en_GB">Resolve common video host URL's to be playable in XBMC/Kodi, simplify addon development of video plugins requiring multi video hosts.</description>
        <description lang="el_GR">Επίλυση συνδέσμων κοινών εξυπηρετητών σε μορφή βίντεο ικανό για αναπαραγωγή στο XBMC/Kodi, απλοποίηση της ανάπτυξης των προσθέτων που χρησιμοποιούν πολλαπλούς εξυπηρετητές για υλικό βίντεο</description>
        <description lang="hr_HR">Prilagodi najčešće URL-ove video izvora kako bi radili u XBMC/Kodiju, pojednostavnjuje razvoj priključaka za video dodatke koji zahtjevaju višestruke video izvore.</description>
        <disclaimer lang="en_GB">This script only resolves video content from legitimate file lockers without prejudice. If this script is being used by 3rd parties to resolve content that you feel infringes upon your Intellectual Property then please take your complaints to the actual website or developer linking to such content and not here. This script in no way searches for any content whatsoever.</disclaimer>
        <disclaimer lang="el_GR">Το ανωτέρο σενάριο το μόνο που κάνει είναι να επιλύει οπτικοακουστικό περιεχόμενο από νόμιμες πηγές χωρίς προκατάληψη. Εάν το ανωτέρο σενάριο χρησιμοποιηθεί από τρίτους ώστε να επιλύσει περιεχόμενο το οποίο σας προκαλεί αντίδραση ότι παραβιάζει την πνευματική σας ιδιοκτησία παρακαλώ μεταφέρετε τα παραπονά σας στον ιστότοπο τον οποίο βρίσκεται το εν λόγω περιεχόμενο η τον δημιουργό ο οποίος πραγματοποιεί την σύνδεση και όχι εδω. Το σενάριο αυτό ουδεμία περίπτωση πραγματοποιεί αναζήτηση περιεχομένου.</disclaimer>
        <assets>
            <icon>icon.png</icon>
            <fanart>fanart.jpg</fanart>
        </assets>
    </extension>
</addon>
