<?xml version="1.0" encoding="UTF-8" standalone="yes"?>
<addon id="plugin.video.fanfilm" name="FanFilm" version="2021.11.22.0" provider-name="-">
    <requires>
        <import addon="xbmc.python" version="3.0.0"/>
        <import addon="script.module.ptw" version="2021.02.28.1"/>
        <import addon="script.module.requests"/>
        <import addon="script.module.metahandler" version="5.0.0"/>
        <import addon="script.module.beautifulsoup4"/>
        <import addon="script.module.future"/>
        <import addon="plugin.video.youtube"/>
        <import addon="script.module.resolveurl"/>
        <import addon="script.module.six" />
        <import addon="script.module.kodi-six" />
        <import addon="script.fanfilm.media" version="2021.03.07.1"/>
        <import addon="script.fanfilm.metadata" version="2021.03.07.0"/>
    </requires>
    <extension point="xbmc.python.pluginsource" library="default.py">
        <provides>video</provides>
    </extension>
    <extension point="xbmc.service" library="service.py" start="startup"/>
    <extension point="xbmc.addon.metadata">
        <summary lang="pl">FanFilm</summary>
        <description lang="pl">Plugin z filmami i serialami.</description>
        <platform>all</platform>
        <assets>
            <icon>icon.png</icon>
        </assets>
		<news>
Changelog:
2021.11.21.5
- napraw brakujacych/żle wyświetlanych tytułów
2021.11.21.4
- naprawa biblioteki seriali
- zmiana priorytetu plakatów
2021.11.21.2
- meta fix
2021.11.21.1
- Poprawka do cda
- Dwa nowe(stare) źródła filman i horrory
- Upgrade wtyczki
2021.11.12
- Netflix
  Sprawdzenie czy wtyczka jest zainstalowana
  W przypadku braku - pomija źródło
  wyłaczenie skanowania seriali
2021.11.05
- Nowe źródło Netflix
  wtyczka sprawdza czy film jest dostepny na Netflix
  do pracy potrzebna zainstalowana i zalogowana wtyczka Netflix
2021.10.21
- Synchronizacja Trakt.tv fix
  Nowe Api
  poprawiono listę postępu seriali
  aktualizacja do Trakt
- zmiana dostawcy z tvdb na tmdb/fanart.tv
  grafiki, opisy filmów i seriali
  cleararty :)  
		</news>
    </extension>
    <reuselanguageinvoker>true</reuselanguageinvoker>
</addon>

